{"stats":{"minecraft:picked_up":{"minecraft:repeater":11,"create:redstone_link":1,"minecraft:comparator":6,"minecraft:redstone_torch":29,"minecraft:sandstone":1,"minecraft:redstone":130,"minecraft:lever":2,"minecraft:birch_sign":3,"minecraft:oak_button":2,"minecraft:magenta_concrete":62},"minecraft:custom":{"minecraft:inspect_dropper":31,"minecraft:inspect_hopper":136,"minecraft:fill_cauldron":2,"minecraft:leave_game":108,"minecraft:time_since_death":3867774,"minecraft:time_since_rest":3867814,"minecraft:sprint_one_cm":260932,"minecraft:walk_one_cm":297564,"minecraft:drop":53,"minecraft:fly_one_cm":25964341,"minecraft:crouch_one_cm":25068,"minecraft:play_time":3870126,"minecraft:deaths":1,"minecraft:sneak_time":143220,"minecraft:jump":4133,"minecraft:total_world_time":6352987,"minecraft:use_cauldron":4},"minecraft:used":{"minecraft:water_bucket":2,"minecraft:dropper":11,"minecraft:orange_concrete":1,"minecraft:birch_planks":191,"minecraft:glass_bottle":4,"minecraft:redstone":2732,"minecraft:lime_wool":1680,"minecraft:oak_planks":21,"minecraft:blue_wool":410,"minecraft:spruce_planks":61,"minecraft:sandstone":3,"minecraft:redstone_block":72,"minecraft:cauldron":4,"minecraft:green_terracotta":2,"create:analog_lever":113,"minecraft:white_wool":91,"minecraft:target":51,"minecraft:comparator":744,"minecraft:tnt":13,"minecraft:hopper":18,"minecraft:jungle_planks":12,"minecraft:light_blue_wool":1048,"minecraft:birch_sign":315,"minecraft:orange_wool":364,"minecraft:cyan_wool":356,"minecraft:redstone_torch":604,"minecraft:sticky_piston":18,"minecraft:glass":2,"minecraft:piston":18,"minecraft:lever":101,"minecraft:green_concrete":11,"minecraft:black_wool":1,"minecraft:cyan_terracotta":1,"minecraft:red_wool":178,"minecraft:lime_carpet":1,"minecraft:brown_wool":1,"minecraft:oak_button":62,"minecraft:green_wool":495,"minecraft:stone_button":1,"minecraft:pink_wool":481,"minecraft:yellow_wool":851,"minecraft:green_carpet":3,"minecraft:light_gray_wool":6,"minecraft:blue_carpet":1,"minecraft:fire_charge":83,"minecraft:repeater":830,"minecraft:redstone_lamp":116,"minecraft:lime_concrete":20,"minecraft:potion":1,"minecraft:magenta_wool":580,"minecraft:smooth_stone_slab":676,"create:redstone_link":116,"minecraft:purple_carpet":3,"minecraft:gray_wool":16,"minecraft:observer":34,"minecraft:purple_wool":207},"minecraft:dropped":{"minecraft:lever":1,"minecraft:tnt":1,"minecraft:smooth_stone_slab":1,"minecraft:glass_bottle":1,"minecraft:yellow_wool":1,"minecraft:blue_wool":5,"minecraft:orange_concrete":2,"minecraft:lime_wool":1,"minecraft:light_gray_wool":3,"minecraft:oak_planks":1,"minecraft:green_concrete":1,"minecraft:jungle_planks":1,"minecraft:red_wool":2,"minecraft:orange_wool":1,"minecraft:yellow_carpet":1,"minecraft:red_carpet":1,"minecraft:target":4,"minecraft:redstone_lamp":1,"minecraft:gray_wool":1,"minecraft:oak_button":5,"create:redstone_link":1,"minecraft:spruce_planks":2,"minecraft:hopper":2,"minecraft:lime_carpet":1,"minecraft:potion":1,"minecraft:fire_charge":1,"minecraft:cyan_concrete":1,"minecraft:magenta_wool":41,"minecraft:white_wool":1,"minecraft:blue_carpet":2,"minecraft:bucket":1,"minecraft:purple_carpet":1,"minecraft:redstone":1}},"DataVersion":3465}