{"stats":{"minecraft:picked_up":{"minecraft:repeater":10,"create:redstone_link":13,"minecraft:comparator":6,"create:analog_lever":4,"minecraft:redstone_torch":27,"minecraft:sandstone":1,"minecraft:redstone":125,"minecraft:lever":2,"minecraft:birch_sign":2,"minecraft:oak_button":2,"minecraft:magenta_concrete":62},"minecraft:custom":{"minecraft:inspect_dropper":31,"minecraft:inspect_hopper":119,"minecraft:fill_cauldron":2,"minecraft:leave_game":67,"minecraft:time_since_death":2558086,"minecraft:time_since_rest":2558126,"minecraft:sprint_one_cm":235504,"minecraft:walk_one_cm":211389,"minecraft:drop":34,"minecraft:fly_one_cm":17473792,"minecraft:play_time":2560438,"minecraft:crouch_one_cm":15550,"minecraft:deaths":1,"minecraft:sneak_time":98406,"minecraft:jump":2998,"minecraft:total_world_time":4022705,"minecraft:use_cauldron":4},"minecraft:used":{"minecraft:water_bucket":2,"minecraft:dropper":11,"minecraft:orange_concrete":1,"minecraft:birch_planks":42,"minecraft:glass_bottle":4,"minecraft:redstone":2147,"minecraft:lime_wool":1486,"minecraft:oak_planks":21,"minecraft:blue_wool":395,"minecraft:spruce_planks":61,"minecraft:sandstone":3,"minecraft:redstone_block":67,"minecraft:cauldron":4,"minecraft:green_terracotta":2,"create:analog_lever":545,"minecraft:white_wool":34,"minecraft:target":51,"minecraft:comparator":664,"minecraft:tnt":13,"minecraft:hopper":18,"minecraft:light_blue_wool":969,"minecraft:birch_sign":266,"minecraft:orange_wool":197,"minecraft:cyan_wool":356,"minecraft:redstone_torch":526,"minecraft:sticky_piston":18,"minecraft:glass":2,"minecraft:piston":18,"minecraft:lever":101,"minecraft:green_concrete":11,"minecraft:cyan_terracotta":1,"minecraft:lime_carpet":1,"minecraft:red_wool":152,"minecraft:brown_wool":1,"minecraft:oak_button":56,"minecraft:green_wool":311,"minecraft:pink_wool":461,"minecraft:yellow_wool":814,"minecraft:light_gray_wool":6,"minecraft:blue_carpet":1,"minecraft:green_carpet":3,"minecraft:fire_charge":83,"minecraft:repeater":557,"minecraft:redstone_lamp":116,"minecraft:lime_concrete":1,"minecraft:potion":1,"minecraft:magenta_wool":579,"minecraft:smooth_stone_slab":592,"create:redstone_link":816,"minecraft:gray_wool":5,"minecraft:observer":34,"minecraft:purple_wool":81},"minecraft:dropped":{"minecraft:lever":1,"minecraft:tnt":1,"minecraft:glass_bottle":1,"minecraft:blue_wool":1,"minecraft:orange_concrete":2,"minecraft:lime_wool":1,"minecraft:light_gray_wool":2,"minecraft:green_concrete":1,"minecraft:red_wool":1,"minecraft:yellow_carpet":1,"minecraft:red_carpet":1,"minecraft:target":4,"minecraft:redstone_lamp":1,"minecraft:oak_button":4,"minecraft:spruce_planks":2,"minecraft:hopper":2,"minecraft:lime_carpet":1,"minecraft:potion":1,"minecraft:fire_charge":1,"minecraft:cyan_concrete":1,"minecraft:bucket":1,"minecraft:blue_carpet":2,"minecraft:magenta_wool":2}},"DataVersion":3465}