{"stats":{"minecraft:picked_up":{"minecraft:sandstone":1,"minecraft:repeater":9,"minecraft:redstone":110,"create:redstone_link":10,"minecraft:lever":2,"minecraft:comparator":6,"create:analog_lever":1,"minecraft:birch_sign":2,"minecraft:redstone_torch":23,"minecraft:magenta_concrete":62},"minecraft:custom":{"minecraft:time_since_rest":1385439,"minecraft:inspect_dropper":31,"minecraft:sprint_one_cm":144042,"minecraft:walk_one_cm":112871,"minecraft:drop":1,"minecraft:fly_one_cm":8739298,"minecraft:fill_cauldron":2,"minecraft:crouch_one_cm":12173,"minecraft:play_time":1387751,"minecraft:deaths":1,"minecraft:sneak_time":60017,"minecraft:jump":1669,"minecraft:leave_game":55,"minecraft:time_since_death":1385399,"minecraft:total_world_time":2336262,"minecraft:use_cauldron":4},"minecraft:used":{"minecraft:redstone_torch":394,"minecraft:glass":2,"minecraft:lever":82,"minecraft:water_bucket":2,"minecraft:green_concrete":11,"minecraft:cyan_terracotta":1,"minecraft:dropper":11,"minecraft:orange_concrete":1,"minecraft:lime_carpet":1,"minecraft:red_wool":137,"minecraft:glass_bottle":4,"minecraft:brown_wool":1,"minecraft:redstone":1509,"minecraft:oak_button":7,"minecraft:lime_wool":260,"minecraft:green_wool":266,"minecraft:blue_wool":388,"minecraft:sandstone":3,"minecraft:redstone_block":35,"minecraft:cauldron":4,"minecraft:pink_wool":377,"create:analog_lever":260,"minecraft:yellow_wool":731,"minecraft:green_terracotta":2,"minecraft:white_wool":7,"minecraft:light_gray_wool":5,"minecraft:green_carpet":3,"minecraft:fire_charge":83,"minecraft:repeater":368,"minecraft:redstone_lamp":111,"minecraft:potion":1,"minecraft:target":45,"minecraft:lime_concrete":1,"minecraft:comparator":436,"minecraft:magenta_wool":570,"minecraft:tnt":13,"minecraft:light_blue_wool":867,"minecraft:birch_sign":167,"minecraft:orange_wool":160,"minecraft:smooth_stone_slab":513,"create:redstone_link":560,"minecraft:gray_wool":4,"minecraft:cyan_wool":356,"minecraft:purple_wool":81}},"DataVersion":3465}